monthly_income,income_stability,bill_payment_ratio,recharge_regularity,monthly_spending,savings_ratio,transaction_frequency,payment_delay_days,spending_to_income,cashflow_consistency,risk_band
25795,3,0.57,8,32197,0.0,145,8,1.25,3,HIGH
10860,5,0.58,9,27010,0.0,145,0,2.49,7,HIGH
86820,5,0.88,3,29123,0.6,90,25,0.34,1,HIGH
64886,5,0.72,3,7890,0.6,56,5,0.12,9,LOW
16265,3,0.59,2,13026,0.2,115,5,0.8,6,HIGH
92386,10,0.77,8,69925,0.24,113,21,0.76,4,MEDIUM
47194,4,0.83,10,73842,0.0,90,28,1.56,3,HIGH
97498,9,0.56,1,38665,0.6,47,11,0.4,3,MEDIUM
54131,10,0.65,8,14277,0.6,46,21,0.26,2,LOW
70263,9,0.47,7,47239,0.33,94,11,0.67,2,MEDIUM
26023,2,0.51,7,52664,0.0,119,9,2.02,10,HIGH
51090,8,0.81,3,53008,0.0,30,22,1.04,5,HIGH
77221,8,0.51,1,19683,0.6,47,29,0.25,9,MEDIUM
74820,7,0.72,4,5670,0.6,81,25,0.08,2,MEDIUM
10769,8,0.83,9,22889,0.0,141,5,2.13,2,MEDIUM
69735,3,0.46,5,60612,0.13,24,16,0.87,6,HIGH
72955,6,0.74,1,49535,0.32,43,18,0.68,10,MEDIUM
74925,1,0.55,5,59319,0.21,16,17,0.79,2,HIGH
77969,7,0.98,8,26639,0.6,15,5,0.34,4,LOW
15311,1,0.69,8,69712,0.0,46,23,4.55,6,HIGH
93104,9,0.88,5,21633,0.6,15,18,0.23,5,LOW
63707,1,0.73,9,39660,0.38,42,9,0.62,1,HIGH
95305,1,0.43,1,73975,0.22,102,23,0.78,6,HIGH
38693,7,0.78,4,37172,0.04,23,7,0.96,1,HIGH
81932,2,0.97,3,64197,0.22,138,20,0.78,3,HIGH
35658,5,0.76,2,63847,0.0,120,23,1.79,10,HIGH
94478,8,0.89,8,16577,0.6,117,5,0.18,5,LOW
28431,8,0.93,7,25176,0.11,69,20,0.89,10,LOW
12747,3,0.54,9,49386,0.0,103,24,3.87,5,HIGH
69150,7,0.53,2,68972,0.0,76,29,1.0,10,HIGH
75725,3,0.77,4,46003,0.39,56,6,0.61,6,MEDIUM
94654,6,0.65,6,24996,0.6,122,23,0.26,10,LOW
45773,6,0.9,3,40931,0.11,124,0,0.89,8,LOW
77435,3,0.94,8,40710,0.47,11,26,0.53,5,MEDIUM
66886,7,0.61,3,39693,0.41,15,17,0.59,1,HIGH
76803,3,0.54,2,40740,0.47,107,23,0.53,5,HIGH
41551,8,0.87,3,22374,0.46,65,27,0.54,3,MEDIUM
21394,10,0.56,6,50913,0.0,72,24,2.38,4,HIGH
79092,4,0.89,2,71025,0.1,144,19,0.9,8,HIGH
13890,1,0.65,8,49516,0.0,106,11,3.56,7,HIGH
51606,4,0.8,1,31069,0.4,114,15,0.6,5,HIGH
90038,7,0.46,7,61233,0.32,144,9,0.68,2,MEDIUM
97313,4,0.77,2,64049,0.34,55,26,0.66,6,HIGH
20627,6,0.67,10,44178,0.0,121,9,2.14,6,HIGH
18792,9,0.75,6,37821,0.0,50,13,2.01,10,MEDIUM
83969,1,0.5,2,56727,0.32,57,24,0.68,10,HIGH
53001,5,0.84,2,65935,0.0,92,19,1.24,6,HIGH
86552,7,0.92,10,21999,0.6,125,9,0.25,9,LOW
33897,1,0.53,8,67522,0.0,17,9,1.99,8,HIGH
78148,4,0.46,2,43712,0.44,93,25,0.56,8,HIGH
33483,6,0.41,7,69551,0.0,129,24,2.08,1,HIGH
58555,2,0.79,3,45172,0.23,122,10,0.77,5,HIGH
27159,10,0.76,8,38722,0.0,58,22,1.43,7,MEDIUM
90077,5,0.73,7,15625,0.6,120,1,0.17,6,LOW
45920,10,0.54,8,72165,0.0,122,24,1.57,5,HIGH
77121,1,0.63,7,11859,0.6,8,19,0.15,8,MEDIUM
79479,6,0.76,6,46609,0.41,79,7,0.59,3,MEDIUM
99475,6,0.7,7,48307,0.51,53,29,0.49,6,MEDIUM
29457,4,0.99,5,26839,0.09,11,22,0.91,5,HIGH
76557,8,0.48,7,32216,0.58,114,28,0.42,8,MEDIUM
87189,4,0.82,1,57953,0.34,126,30,0.66,4,HIGH
88953,8,0.64,1,65593,0.26,15,6,0.74,8,LOW
62995,8,0.66,9,77075,0.0,96,7,1.22,10,LOW
50757,5,0.83,5,54522,0.0,27,0,1.07,2,MEDIUM
19692,4,0.82,5,9886,0.5,32,20,0.5,9,MEDIUM
55758,2,0.99,3,12485,0.6,115,1,0.22,9,LOW
82409,3,0.48,5,36455,0.56,61,17,0.44,10,MEDIUM
81211,3,0.46,3,21767,0.6,30,14,0.27,10,MEDIUM
75697,4,0.83,9,33453,0.56,58,0,0.44,6,LOW
47065,4,0.75,9,58442,0.0,33,4,1.24,4,MEDIUM
42606,10,0.56,6,56877,0.0,101,1,1.33,4,MEDIUM
21534,5,0.45,1,17226,0.2,18,19,0.8,6,HIGH
50397,4,0.45,7,27588,0.45,82,2,0.55,5,MEDIUM
11016,10,0.94,7,36709,0.0,39,18,3.33,6,HIGH
99789,8,0.52,10,52788,0.47,34,17,0.53,7,LOW
65591,6,0.59,10,42019,0.36,96,28,0.64,7,MEDIUM
99812,6,0.54,4,49948,0.5,21,21,0.5,9,MEDIUM
33247,8,0.61,8,70133,0.0,97,17,2.11,8,HIGH
34300,7,0.44,6,71458,0.0,83,13,2.08,6,HIGH
84065,10,0.71,4,32526,0.6,114,29,0.39,6,MEDIUM
92798,10,0.44,4,78493,0.15,106,23,0.85,5,HIGH
19268,8,0.88,2,57198,0.0,110,7,2.97,1,HIGH
96807,2,0.54,2,48395,0.5,51,28,0.5,9,HIGH
22185,9,0.72,4,29031,0.0,68,29,1.31,9,HIGH
73704,1,0.93,5,42701,0.42,68,11,0.58,9,MEDIUM
96779,8,0.79,8,30939,0.6,91,20,0.32,8,LOW
49099,4,0.72,6,54145,0.0,11,9,1.1,10,MEDIUM
18571,4,0.59,4,25324,0.0,26,22,1.36,3,HIGH
48044,5,0.6,7,27867,0.42,85,19,0.58,1,HIGH
61214,8,0.8,8,5203,0.6,78,16,0.08,8,LOW
71228,5,1.0,2,21544,0.6,142,10,0.3,7,LOW
58984,8,0.8,7,20899,0.6,139,1,0.35,5,LOW
50774,10,0.73,2,34063,0.33,129,25,0.67,10,MEDIUM
12568,1,0.84,2,8748,0.3,54,25,0.7,7,HIGH
72592,10,0.68,8,71629,0.01,56,3,0.99,10,LOW
77563,9,0.44,2,25884,0.6,5,0,0.33,4,LOW
12695,6,0.74,9,30183,0.0,8,14,2.38,9,HIGH
58190,3,0.97,1,76246,0.0,149,12,1.31,10,HIGH
15258,8,0.51,9,24259,0.0,136,7,1.59,2,MEDIUM
97538,9,0.81,1,40959,0.58,8,24,0.42,9,LOW
49504,6,0.52,10,38457,0.22,5,3,0.78,9,LOW
43159,7,0.72,10,7103,0.6,75,9,0.16,5,LOW
23986,1,0.46,2,70901,0.0,39,18,2.96,1,HIGH
71858,5,0.67,6,49535,0.31,12,17,0.69,7,MEDIUM
22666,5,0.85,6,21103,0.07,40,4,0.93,10,LOW
48660,10,0.61,1,17391,0.6,127,29,0.36,10,MEDIUM
13561,4,0.8,7,33901,0.0,47,18,2.5,4,HIGH
36854,6,0.88,8,72914,0.0,31,25,1.98,9,HIGH
74505,7,0.96,2,55357,0.26,36,22,0.74,6,MEDIUM
62251,9,0.54,8,43437,0.3,82,26,0.7,3,MEDIUM
32662,1,0.64,9,40503,0.0,125,21,1.24,6,HIGH
18392,6,0.49,6,46258,0.0,20,15,2.52,10,HIGH
40535,7,1.0,5,38724,0.04,103,0,0.96,6,LOW
88603,3,0.96,9,69286,0.22,51,11,0.78,5,MEDIUM
62256,8,0.72,9,79842,0.0,35,23,1.28,2,HIGH
99135,5,0.91,1,19908,0.6,8,1,0.2,10,LOW
45222,9,0.71,3,55626,0.0,21,20,1.23,10,MEDIUM
87373,5,0.77,9,42228,0.52,43,24,0.48,2,MEDIUM
89575,9,0.45,2,28386,0.6,52,7,0.32,7,LOW
94651,10,0.85,4,51754,0.45,43,17,0.55,2,LOW
73335,4,0.48,4,33302,0.55,136,24,0.45,6,HIGH
20965,9,0.9,2,65815,0.0,34,15,3.14,5,HIGH
34538,5,0.87,3,68344,0.0,26,4,1.98,4,HIGH
80592,10,0.83,3,40618,0.5,70,25,0.5,7,LOW
18110,9,0.42,1,66114,0.0,112,29,3.65,8,HIGH
89309,3,0.58,6,75130,0.16,16,21,0.84,4,HIGH
37266,4,0.56,8,30525,0.18,40,12,0.82,1,HIGH
62992,9,0.62,3,19334,0.6,22,18,0.31,1,MEDIUM
92948,10,0.45,5,67767,0.27,94,28,0.73,1,HIGH
16910,6,0.96,1,11644,0.31,5,2,0.69,1,MEDIUM
10206,2,0.73,10,37933,0.0,131,25,3.72,5,HIGH
97054,7,0.58,7,48469,0.5,94,7,0.5,4,LOW
97897,2,0.64,10,38687,0.6,91,26,0.4,9,MEDIUM
33419,2,0.67,1,57656,0.0,94,25,1.73,3,HIGH
60636,1,0.76,9,22375,0.6,138,25,0.37,7,MEDIUM
60015,3,0.71,8,70206,0.0,74,30,1.17,8,HIGH
64268,6,0.95,7,41607,0.35,48,11,0.65,6,LOW
97939,8,0.7,10,28993,0.6,90,1,0.3,10,LOW
28141,9,1.0,7,49386,0.0,23,10,1.75,1,MEDIUM
90356,7,0.91,5,51287,0.43,105,11,0.57,8,LOW
81910,4,0.53,5,76196,0.07,99,27,0.93,10,HIGH
66044,6,0.96,5,75014,0.0,105,17,1.14,3,HIGH
77214,5,0.47,1,13210,0.6,34,12,0.17,8,MEDIUM
43827,8,0.89,8,15922,0.6,37,4,0.36,4,LOW
65820,1,0.63,1,41289,0.37,16,21,0.63,8,HIGH
72623,1,0.93,4,38340,0.47,122,11,0.53,1,HIGH
91734,6,0.92,9,44850,0.51,98,1,0.49,3,LOW
85450,10,0.88,9,61984,0.27,141,30,0.73,6,MEDIUM
32299,2,0.87,5,16094,0.5,80,4,0.5,9,LOW
53585,5,0.58,4,38418,0.28,33,6,0.72,2,MEDIUM
74044,1,0.45,3,10741,0.6,121,25,0.15,1,HIGH
52557,7,0.64,3,77374,0.0,19,25,1.47,10,HIGH
59080,1,0.5,5,73798,0.0,6,23,1.25,3,HIGH
12693,4,0.82,10,75532,0.0,121,11,5.95,4,HIGH
79163,9,0.61,1,27164,0.6,22,15,0.34,5,LOW
35939,1,0.99,5,40595,0.0,7,22,1.13,3,HIGH
58925,4,0.78,6,35257,0.4,139,7,0.6,10,LOW
52941,6,0.89,7,19211,0.6,112,29,0.36,2,MEDIUM
31834,6,0.48,9,10232,0.6,99,27,0.32,2,MEDIUM
28047,8,0.92,3,72753,0.0,126,8,2.59,7,HIGH
36105,1,0.95,2,57691,0.0,15,14,1.6,9,HIGH
85766,7,0.69,3,30613,0.6,72,4,0.36,10,LOW
25707,1,0.76,9,19026,0.26,127,12,0.74,2,HIGH
31976,7,0.86,7,58535,0.0,117,4,1.83,7,MEDIUM
54262,3,0.5,9,35908,0.34,102,10,0.66,7,MEDIUM
33776,8,0.7,2,57113,0.0,97,9,1.69,7,HIGH
40080,3,0.64,5,24610,0.39,26,19,0.61,3,HIGH
76842,1,0.49,4,51646,0.33,131,12,0.67,7,HIGH
71373,8,0.62,2,68185,0.04,138,8,0.96,1,HIGH
16776,3,0.44,9,77567,0.0,29,20,4.62,10,HIGH
65016,2,0.42,9,52574,0.19,89,13,0.81,1,HIGH
19474,1,0.48,6,41182,0.0,59,17,2.11,5,HIGH
68053,3,0.98,6,5570,0.6,148,14,0.08,2,MEDIUM
31959,2,0.73,8,24288,0.24,99,9,0.76,9,MEDIUM
15530,2,0.98,6,34877,0.0,146,23,2.25,7,HIGH
13748,6,0.66,1,5917,0.57,123,30,0.43,4,HIGH
23545,1,0.59,4,69575,0.0,13,6,2.95,4,HIGH
76199,2,0.7,7,77518,0.0,46,7,1.02,2,HIGH
44766,6,0.66,2,44104,0.01,57,27,0.99,5,HIGH
83530,3,0.46,9,23062,0.6,78,2,0.28,4,LOW
71087,4,0.78,8,21999,0.6,43,30,0.31,1,HIGH
78840,1,0.53,8,66845,0.15,126,14,0.85,8,HIGH
64384,8,0.77,7,14941,0.6,19,15,0.23,3,LOW
61005,7,0.79,4,66169,0.0,127,3,1.08,6,MEDIUM
56576,7,0.49,2,28470,0.5,115,20,0.5,4,HIGH
49353,3,0.44,3,64821,0.0,135,5,1.31,9,HIGH
72003,10,0.87,6,49435,0.31,87,0,0.69,7,LOW
93211,10,0.68,5,9529,0.6,14,3,0.1,9,LOW
62733,3,0.43,8,17192,0.6,96,10,0.27,10,LOW
75318,2,1.0,6,79102,0.0,33,11,1.05,3,HIGH
99474,1,0.43,6,77762,0.22,39,25,0.78,1,HIGH
33664,7,0.82,1,39087,0.0,10,28,1.16,5,HIGH
77172,7,0.99,4,71677,0.07,144,4,0.93,3,MEDIUM
95616,2,0.54,5,9627,0.6,115,22,0.1,6,HIGH
36736,7,0.49,3,61541,0.0,42,28,1.68,8,HIGH
10854,8,0.47,9,73226,0.0,81,20,6.75,4,HIGH
48623,1,0.58,1,8255,0.6,97,15,0.17,5,HIGH
17392,9,0.46,6,62433,0.0,71,12,3.59,5,HIGH
65680,7,0.82,6,10213,0.6,140,12,0.16,4,LOW
56717,3,0.44,10,24404,0.57,12,16,0.43,4,MEDIUM
97092,8,0.71,5,30380,0.6,126,26,0.31,4,MEDIUM
60859,7,1.0,5,24173,0.6,88,6,0.4,4,LOW
36309,8,0.89,10,58027,0.0,136,7,1.6,4,MEDIUM
97455,6,0.77,5,28989,0.6,89,12,0.3,5,LOW
73734,9,0.58,6,29519,0.6,49,22,0.4,2,MEDIUM
80467,5,0.77,8,27439,0.6,140,26,0.34,2,MEDIUM
62662,3,0.72,2,19995,0.6,91,15,0.32,9,MEDIUM
22688,3,0.66,6,28559,0.0,20,29,1.26,2,HIGH
35342,1,0.48,1,10021,0.6,81,28,0.28,6,HIGH
47157,8,0.93,4,26119,0.45,13,30,0.55,2,HIGH
77863,2,0.67,10,56539,0.27,64,3,0.73,5,MEDIUM
62083,3,0.52,3,44350,0.29,82,7,0.71,4,HIGH
75733,8,0.62,9,51223,0.32,81,15,0.68,7,LOW
99045,8,0.65,3,30517,0.6,75,30,0.31,7,MEDIUM
44698,4,0.9,6,27250,0.39,19,20,0.61,6,MEDIUM
90623,4,0.84,1,71798,0.21,75,9,0.79,10,MEDIUM
32671,5,0.86,6,59199,0.0,106,24,1.81,5,HIGH
35184,6,0.41,4,64546,0.0,26,11,1.83,1,HIGH
52107,5,0.65,8,8327,0.6,117,11,0.16,3,LOW
96202,7,0.69,9,34768,0.6,5,25,0.36,9,LOW
61663,2,0.41,4,69418,0.0,14,4,1.13,1,HIGH
25708,7,0.56,10,47788,0.0,114,15,1.86,5,HIGH
59811,10,0.86,10,51830,0.13,117,0,0.87,2,LOW
12811,7,0.48,6,57446,0.0,54,27,4.48,4,HIGH
66250,1,0.72,1,20160,0.6,16,8,0.3,1,HIGH
82082,7,0.53,4,61583,0.25,93,11,0.75,3,MEDIUM
44754,5,0.41,7,38998,0.13,116,4,0.87,10,MEDIUM
21411,3,0.54,1,32230,0.0,82,21,1.51,7,HIGH
12911,3,0.99,8,14076,0.0,125,19,1.09,10,MEDIUM
77270,4,0.88,10,74341,0.04,27,21,0.96,3,HIGH
93763,2,0.98,6,36085,0.6,138,27,0.38,4,HIGH
18680,2,0.69,5,60571,0.0,29,23,3.24,2,HIGH
94896,1,0.47,10,19715,0.6,22,2,0.21,3,MEDIUM
93879,5,0.73,9,10750,0.6,145,4,0.11,9,LOW
81295,4,0.67,2,40903,0.5,47,1,0.5,3,MEDIUM
98614,10,0.91,5,77489,0.21,82,13,0.79,5,LOW
21111,2,0.46,6,37093,0.0,32,1,1.76,2,HIGH
47504,3,0.69,7,39314,0.17,63,12,0.83,4,HIGH
11802,7,0.49,5,53225,0.0,67,6,4.51,7,HIGH
18155,7,0.59,9,40179,0.0,96,9,2.21,7,HIGH
83656,4,0.84,1,30338,0.6,60,12,0.36,3,MEDIUM
49384,5,0.69,7,74681,0.0,115,15,1.51,5,HIGH
57254,5,0.63,10,37101,0.35,141,25,0.65,1,HIGH
31918,6,0.64,7,7775,0.6,72,13,0.24,10,LOW
95981,9,0.68,4,50619,0.47,50,10,0.53,10,LOW
70713,2,0.87,9,50838,0.28,71,9,0.72,10,LOW
40306,5,0.94,5,24539,0.39,140,5,0.61,1,MEDIUM
26646,3,0.97,4,62124,0.0,10,3,2.33,5,HIGH
56843,4,0.87,7,70149,0.0,28,20,1.23,10,HIGH
26371,10,0.59,4,31616,0.0,98,0,1.2,9,LOW
87371,6,0.81,3,59567,0.32,17,6,0.68,1,MEDIUM
12049,8,0.66,9,42099,0.0,29,23,3.49,1,HIGH
41616,1,0.55,8,66799,0.0,122,8,1.61,4,HIGH
30932,10,0.9,1,30479,0.01,86,7,0.99,4,MEDIUM
39855,8,0.42,7,51172,0.0,115,4,1.28,2,MEDIUM
71434,7,0.94,9,60863,0.15,86,18,0.85,9,LOW
82694,1,0.68,8,47043,0.43,70,9,0.57,9,MEDIUM
53016,2,0.78,8,20408,0.6,49,10,0.38,2,MEDIUM
17400,3,0.8,6,62980,0.0,118,24,3.62,9,HIGH
52642,1,0.94,4,21351,0.59,67,14,0.41,6,MEDIUM
25151,9,0.78,8,9131,0.6,80,5,0.36,8,LOW
61407,8,0.77,3,49825,0.19,118,14,0.81,10,LOW
76690,2,0.44,9,16349,0.6,115,4,0.21,4,LOW
14499,9,0.71,2,65931,0.0,39,28,4.55,2,HIGH
16295,7,0.49,2,49254,0.0,57,18,3.02,2,HIGH
69040,9,0.84,7,43225,0.37,30,21,0.63,9,LOW
22183,6,0.71,10,17453,0.21,18,18,0.79,1,MEDIUM
39299,6,0.81,4,23814,0.39,122,9,0.61,7,LOW
22874,4,0.43,10,23263,0.0,49,11,1.02,3,HIGH
42711,10,0.45,8,20735,0.51,55,21,0.49,3,LOW
15539,10,0.83,9,20830,0.0,123,3,1.34,2,LOW
63351,2,0.44,7,52893,0.17,23,30,0.83,10,HIGH
71267,7,0.44,5,49673,0.3,86,17,0.7,6,MEDIUM
58354,5,0.41,8,50066,0.14,80,15,0.86,10,MEDIUM
12557,6,0.97,4,8373,0.33,96,7,0.67,2,MEDIUM
48360,2,0.84,2,15335,0.6,37,3,0.32,10,LOW
92018,5,0.61,6,28741,0.6,32,24,0.31,4,MEDIUM
12200,10,0.58,9,15692,0.0,127,22,1.29,10,MEDIUM
78497,4,0.61,1,52295,0.33,130,11,0.67,9,MEDIUM
56975,9,0.86,10,50541,0.11,41,1,0.89,9,LOW
31357,6,0.8,7,39057,0.0,103,3,1.25,6,MEDIUM
87505,2,0.51,10,71983,0.18,102,4,0.82,4,MEDIUM
12869,1,0.5,9,24583,0.0,131,2,1.91,7,HIGH
71135,5,0.46,10,27765,0.6,84,8,0.39,1,LOW
60108,9,0.8,9,64287,0.0,42,28,1.07,4,HIGH
48467,6,0.86,10,28906,0.4,81,20,0.6,5,LOW
33328,10,0.56,3,51525,0.0,130,17,1.55,8,HIGH
96831,7,0.41,5,43230,0.55,91,10,0.45,2,MEDIUM
13987,5,0.45,8,24520,0.0,58,2,1.75,5,HIGH
68871,10,0.98,8,56934,0.17,20,29,0.83,6,MEDIUM
32399,6,0.58,4,30566,0.06,32,30,0.94,5,HIGH
56214,5,0.86,1,78193,0.0,50,24,1.39,9,HIGH
96416,9,0.77,1,35134,0.6,76,22,0.36,10,LOW
80271,6,0.63,4,15345,0.6,89,1,0.19,1,LOW
54064,8,0.52,6,46185,0.15,30,8,0.85,3,MEDIUM
80091,2,0.47,8,75744,0.05,89,13,0.95,2,HIGH
50818,9,0.77,6,38455,0.24,69,3,0.76,3,LOW
55525,5,0.86,9,33018,0.41,138,28,0.59,10,MEDIUM
29830,7,0.79,9,59219,0.0,119,8,1.99,9,MEDIUM
27429,10,0.72,2,50991,0.0,68,30,1.86,9,HIGH
16893,1,0.43,10,78616,0.0,91,12,4.65,10,HIGH
89909,10,0.98,1,14486,0.6,111,17,0.16,2,LOW
57333,5,0.88,2,43862,0.23,100,14,0.77,3,HIGH
13436,10,0.58,5,63870,0.0,81,27,4.75,4,HIGH
84290,2,0.99,4,48856,0.42,91,9,0.58,9,MEDIUM
86213,6,0.76,4,36379,0.58,61,15,0.42,3,MEDIUM
15895,1,0.75,9,69729,0.0,107,11,4.39,7,HIGH
29738,3,0.85,8,33378,0.0,95,19,1.12,3,HIGH
40746,5,0.89,6,59353,0.0,49,4,1.46,7,MEDIUM
59377,4,0.79,1,54996,0.07,92,1,0.93,7,MEDIUM
58404,3,0.48,2,19031,0.6,119,9,0.33,9,MEDIUM
64045,10,0.6,6,70982,0.0,51,0,1.11,2,MEDIUM
49790,5,0.96,2,41683,0.16,139,6,0.84,6,MEDIUM
15600,8,0.53,10,22618,0.0,54,25,1.45,9,MEDIUM
50764,4,0.62,5,11587,0.6,88,16,0.23,2,MEDIUM
84543,1,0.66,5,67790,0.2,95,15,0.8,2,HIGH
55714,7,0.66,6,36480,0.35,138,26,0.65,5,MEDIUM
66835,8,0.77,6,25527,0.6,95,26,0.38,10,LOW
83744,3,0.97,6,28569,0.6,141,23,0.34,10,MEDIUM
66491,6,0.54,2,16151,0.6,113,2,0.24,10,LOW
28589,2,0.47,10,76094,0.0,61,13,2.66,8,HIGH
53484,7,0.52,3,64174,0.0,35,9,1.2,9,MEDIUM
92989,8,0.93,6,49739,0.47,25,21,0.53,2,MEDIUM
46212,6,0.79,8,37954,0.18,94,6,0.82,5,LOW
53525,6,0.57,1,40303,0.25,44,25,0.75,7,HIGH
57202,5,0.89,1,39700,0.31,116,16,0.69,6,HIGH
42635,8,0.92,2,72568,0.0,49,29,1.7,6,HIGH
73208,1,0.91,6,71788,0.02,81,5,0.98,7,HIGH
43828,10,0.95,9,76045,0.0,91,22,1.74,3,MEDIUM
28711,4,0.55,4,42842,0.0,105,21,1.49,3,HIGH
13420,4,0.85,3,18900,0.0,121,3,1.41,10,MEDIUM
10301,3,0.68,8,6881,0.33,96,16,0.67,9,MEDIUM
55236,3,0.91,10,38037,0.31,149,26,0.69,8,MEDIUM
76235,4,0.84,9,6630,0.6,32,8,0.09,5,LOW
64240,1,0.87,5,25789,0.6,29,3,0.4,6,MEDIUM
75726,2,0.79,9,51151,0.32,62,6,0.68,10,LOW
20492,9,0.51,2,53920,0.0,45,22,2.63,1,HIGH
16102,10,0.73,3,72231,0.0,138,1,4.49,10,HIGH
60336,2,0.99,7,8262,0.6,79,16,0.14,1,MEDIUM
95314,5,0.96,7,71981,0.24,42,23,0.76,4,HIGH
36641,9,0.43,6,59722,0.0,138,7,1.63,2,HIGH
44584,9,0.5,6,55818,0.0,79,22,1.25,7,HIGH
42745,8,0.48,2,34932,0.18,146,29,0.82,2,HIGH
33093,1,0.84,10,11901,0.6,70,30,0.36,10,MEDIUM
76105,1,0.89,6,13597,0.6,7,14,0.18,2,MEDIUM
61885,9,0.53,4,68909,0.0,121,30,1.11,5,HIGH
46631,8,0.7,3,77391,0.0,103,14,1.66,4,HIGH
82991,10,0.9,2,13263,0.6,23,7,0.16,8,LOW
14014,9,0.84,1,68293,0.0,120,15,4.87,4,HIGH
21093,7,0.73,5,30805,0.0,129,18,1.46,6,HIGH
28070,3,0.75,2,16874,0.4,92,10,0.6,5,HIGH
45777,3,0.71,2,19079,0.58,39,1,0.42,2,MEDIUM
66958,2,0.58,7,54850,0.18,5,22,0.82,8,HIGH
92074,5,0.74,8,77779,0.16,130,23,0.84,2,HIGH
20729,3,0.81,10,14018,0.32,93,16,0.68,9,MEDIUM
55017,6,0.92,8,54500,0.01,148,27,0.99,9,MEDIUM
76320,2,0.78,4,17100,0.6,29,25,0.22,3,HIGH
37751,3,0.86,1,62021,0.0,20,15,1.64,4,HIGH
88069,5,0.5,7,24800,0.6,77,24,0.28,8,MEDIUM
64748,1,0.68,1,68400,0.0,133,14,1.06,9,HIGH
15801,1,0.41,4,34437,0.0,46,12,2.18,3,HIGH
29190,10,0.55,8,51675,0.0,84,14,1.77,5,MEDIUM
59689,9,0.84,2,24942,0.58,108,26,0.42,8,LOW
60993,7,1.0,6,25862,0.58,38,3,0.42,3,LOW
39592,1,0.46,6,16669,0.58,93,15,0.42,7,HIGH
20647,8,0.64,9,58772,0.0,129,29,2.85,8,HIGH
18716,3,0.88,5,20916,0.0,49,11,1.12,10,MEDIUM
98891,8,0.52,10,15878,0.6,138,29,0.16,3,MEDIUM
97545,5,0.73,4,7985,0.6,25,3,0.08,2,LOW
99912,1,0.84,5,78648,0.21,126,2,0.79,10,MEDIUM
80316,7,0.77,10,46235,0.42,74,21,0.58,7,LOW
12368,5,0.51,5,23931,0.0,100,16,1.93,9,HIGH
87575,6,0.61,8,5336,0.6,109,21,0.06,1,MEDIUM
16655,6,0.87,10,47933,0.0,52,17,2.88,3,HIGH
80031,8,0.73,8,50536,0.37,43,24,0.63,5,MEDIUM
86429,9,0.4,2,74504,0.14,35,17,0.86,3,HIGH
97922,2,0.86,7,56148,0.43,14,22,0.57,1,HIGH
65766,9,0.42,8,21279,0.6,34,27,0.32,7,LOW
23403,10,0.85,6,73665,0.0,22,16,3.15,7,HIGH
42097,9,0.52,5,76386,0.0,92,11,1.81,10,MEDIUM
88657,10,0.97,9,79055,0.11,129,22,0.89,8,LOW
20966,10,0.62,3,71670,0.0,77,20,3.42,5,HIGH
62921,7,0.6,10,59028,0.06,19,23,0.94,10,MEDIUM
59726,1,0.49,4,76128,0.0,8,3,1.27,5,HIGH
60300,7,0.58,9,23108,0.6,13,30,0.38,5,MEDIUM
32677,10,0.93,6,57495,0.0,113,11,1.76,1,MEDIUM
65609,5,1.0,8,61830,0.06,141,30,0.94,10,MEDIUM
66661,6,0.62,7,79640,0.0,136,25,1.19,5,HIGH
41024,10,0.67,2,57509,0.0,20,22,1.4,6,HIGH
80313,7,0.83,3,71406,0.11,147,21,0.89,1,HIGH
63006,5,0.93,1,44519,0.29,103,20,0.71,7,HIGH
25338,7,0.76,9,54649,0.0,125,19,2.16,1,HIGH
78027,9,0.63,7,39524,0.49,56,14,0.51,2,LOW
90135,3,0.65,1,38885,0.57,73,22,0.43,2,HIGH
29508,8,0.82,3,49369,0.0,9,27,1.67,5,HIGH
13051,2,0.4,4,35676,0.0,24,15,2.73,10,HIGH
58747,7,0.77,4,69093,0.0,83,4,1.18,7,MEDIUM
97142,2,0.61,5,52764,0.46,115,20,0.54,1,HIGH
97235,4,0.88,3,55799,0.43,6,14,0.57,10,MEDIUM
64021,7,0.46,3,77307,0.0,97,16,1.21,1,HIGH
76412,3,0.75,1,36923,0.52,17,17,0.48,1,HIGH
68335,2,0.69,7,52574,0.23,8,4,0.77,6,MEDIUM
66179,10,0.79,10,48391,0.27,113,12,0.73,2,LOW
42093,7,0.44,1,58664,0.0,78,18,1.39,1,HIGH
79678,1,0.75,2,72384,0.09,99,29,0.91,6,HIGH
90738,8,0.74,4,36027,0.6,109,12,0.4,2,LOW
49734,3,0.74,4,40464,0.19,12,17,0.81,6,HIGH
82615,2,0.76,5,39485,0.52,71,13,0.48,10,MEDIUM
83523,3,0.81,2,24456,0.6,114,29,0.29,8,HIGH
27019,5,0.88,4,79795,0.0,13,3,2.95,2,HIGH
93613,8,0.56,1,40554,0.57,121,3,0.43,9,LOW
96672,10,0.9,2,51922,0.46,15,19,0.54,8,LOW
83847,7,0.7,1,18409,0.6,103,19,0.22,10,LOW
92750,7,0.45,10,74327,0.2,46,18,0.8,1,HIGH
89634,7,0.44,10,41639,0.54,145,12,0.46,7,LOW
38251,8,0.6,4,68627,0.0,124,11,1.79,10,MEDIUM
35945,1,0.87,4,24692,0.31,145,6,0.69,6,MEDIUM
42217,4,0.82,7,59200,0.0,16,24,1.4,6,HIGH
18308,6,0.87,10,62415,0.0,41,11,3.41,6,HIGH
15949,9,0.71,9,23074,0.0,78,20,1.45,6,MEDIUM
61990,2,0.66,9,20549,0.6,77,3,0.33,10,LOW
11150,1,0.49,5,34963,0.0,56,26,3.14,7,HIGH
99480,10,0.6,10,57265,0.42,134,1,0.58,3,LOW
84740,2,0.66,1,21061,0.6,60,1,0.25,6,MEDIUM
76617,7,0.45,1,63226,0.17,64,4,0.83,3,HIGH
26896,3,0.53,6,33810,0.0,27,22,1.26,7,HIGH
56175,10,0.76,2,65006,0.0,107,9,1.16,7,MEDIUM
17805,2,0.84,8,27800,0.0,44,9,1.56,8,HIGH
15237,7,1.0,9,74460,0.0,68,8,4.89,2,HIGH
30056,2,0.96,4,62767,0.0,89,12,2.09,9,HIGH
55543,3,0.79,5,33054,0.4,93,6,0.6,5,MEDIUM
66556,7,0.65,8,50397,0.24,35,4,0.76,9,LOW
13343,4,0.78,3,18233,0.0,24,25,1.37,10,HIGH
23500,1,0.87,5,30068,0.0,134,9,1.28,5,HIGH
63222,5,0.47,3,70727,0.0,17,9,1.12,7,HIGH
39375,9,0.65,10,75453,0.0,126,5,1.92,9,LOW
19662,8,0.9,3,30832,0.0,107,26,1.57,4,HIGH
26964,9,0.63,3,18682,0.31,110,27,0.69,2,HIGH
69638,10,0.74,7,28383,0.59,123,18,0.41,9,LOW
83666,9,0.75,7,63160,0.25,74,20,0.75,2,MEDIUM
95067,7,0.51,7,28666,0.6,103,7,0.3,3,LOW
77215,4,0.62,10,63817,0.17,86,0,0.83,10,LOW
79042,5,0.6,8,39642,0.5,79,27,0.5,2,HIGH
23284,1,0.42,5,46830,0.0,122,16,2.01,3,HIGH
82789,1,0.41,5,15234,0.6,88,6,0.18,6,MEDIUM
94664,3,0.9,4,62616,0.34,73,13,0.66,3,HIGH
71389,8,0.56,7,14221,0.6,63,20,0.2,10,LOW
19435,2,0.71,10,16410,0.16,130,29,0.84,8,HIGH
64340,4,0.58,4,66413,0.0,115,20,1.03,6,HIGH
54078,2,0.96,2,6051,0.6,66,16,0.11,7,MEDIUM
88832,5,0.56,4,61563,0.31,148,8,0.69,1,HIGH
61293,9,0.66,8,49757,0.19,132,16,0.81,3,MEDIUM
88781,1,0.92,9,56257,0.37,109,4,0.63,3,MEDIUM
70403,5,0.91,3,5307,0.6,72,25,0.08,2,MEDIUM
39124,9,0.51,7,61889,0.0,19,24,1.58,7,HIGH
53919,1,0.88,9,73895,0.0,39,29,1.37,9,HIGH
45247,9,0.67,4,40944,0.1,18,30,0.9,4,HIGH
72752,8,0.69,10,43134,0.41,106,19,0.59,5,LOW
66573,4,0.48,3,32323,0.51,104,28,0.49,3,HIGH
69101,10,0.45,5,76762,0.0,11,7,1.11,9,LOW
36646,5,0.84,1,30954,0.16,34,5,0.84,4,MEDIUM
33049,5,0.7,3,60021,0.0,53,10,1.82,5,HIGH
89605,6,0.66,8,75427,0.16,148,30,0.84,1,HIGH
78385,7,0.84,8,9992,0.6,115,18,0.13,2,LOW
50158,8,0.86,4,6961,0.6,76,3,0.14,9,LOW
75417,8,0.5,2,17497,0.6,84,17,0.23,2,MEDIUM
33289,2,0.77,8,37551,0.0,87,0,1.13,5,MEDIUM
19823,9,0.48,8,60755,0.0,46,12,3.06,8,HIGH
70160,7,0.85,10,18255,0.6,21,13,0.26,3,LOW
51975,4,0.79,4,9567,0.6,11,23,0.18,6,MEDIUM
19540,4,0.97,3,53847,0.0,14,0,2.76,4,HIGH
26364,8,0.44,2,53003,0.0,38,29,2.01,7,HIGH
14611,4,0.43,9,25389,0.0,40,28,1.74,10,HIGH
37663,6,0.57,1,49523,0.0,10,10,1.31,3,HIGH
61991,5,0.56,7,66576,0.0,138,16,1.07,6,HIGH
67679,3,0.55,5,48919,0.28,33,3,0.72,10,MEDIUM
40977,10,0.94,8,8358,0.6,130,25,0.2,9,LOW
59115,2,0.55,4,10698,0.6,85,11,0.18,10,MEDIUM
98223,9,0.56,7,71809,0.27,79,9,0.73,1,MEDIUM
70890,10,0.86,5,60805,0.14,30,30,0.86,3,HIGH
76387,9,0.67,5,36349,0.52,131,5,0.48,2,LOW
28071,1,0.87,9,55248,0.0,119,24,1.97,8,HIGH
69275,10,0.44,9,49041,0.29,130,0,0.71,7,LOW
82369,3,0.69,9,36954,0.55,32,6,0.45,2,MEDIUM
21938,8,0.42,6,13002,0.41,135,25,0.59,6,MEDIUM
45195,6,0.44,6,74783,0.0,79,26,1.65,3,HIGH
14000,5,0.94,5,24738,0.0,82,20,1.77,8,HIGH
80588,5,0.48,9,15703,0.6,94,27,0.19,10,LOW
48304,6,0.72,10,54422,0.0,25,30,1.13,3,HIGH
79449,7,0.65,8,66899,0.16,58,15,0.84,10,LOW
92986,1,0.61,7,17392,0.6,107,23,0.19,9,MEDIUM
99643,9,0.94,7,49724,0.5,63,13,0.5,1,LOW
30764,3,0.41,6,37299,0.0,76,22,1.21,5,HIGH
96027,4,0.8,5,20641,0.6,24,19,0.21,3,MEDIUM
48494,10,0.98,4,11305,0.6,116,19,0.23,6,LOW
13373,1,0.74,3,23782,0.0,63,5,1.78,10,HIGH
22161,10,0.96,3,25566,0.0,75,21,1.15,2,HIGH
37350,3,0.43,6,72766,0.0,141,24,1.95,9,HIGH
35351,2,0.65,4,11511,0.6,113,27,0.33,6,HIGH
98668,2,0.56,6,31177,0.6,133,4,0.32,7,LOW
25305,1,0.84,3,9765,0.6,60,23,0.39,5,HIGH
85353,8,0.99,4,25354,0.6,39,20,0.3,9,LOW
86797,3,0.55,9,28929,0.6,127,17,0.33,1,MEDIUM
75953,3,0.79,5,33820,0.55,135,14,0.45,5,MEDIUM
67458,6,0.52,7,34523,0.49,108,5,0.51,10,LOW
30358,8,0.74,10,76088,0.0,11,24,2.51,6,HIGH
13267,9,0.68,2,71163,0.0,31,28,5.36,7,HIGH
92745,9,0.98,5,18780,0.6,5,18,0.2,4,LOW
99588,4,0.77,9,11589,0.6,91,0,0.12,1,LOW
48513,5,0.61,3,39812,0.18,45,0,0.82,8,MEDIUM
36092,2,0.47,9,50939,0.0,127,12,1.41,10,HIGH
21338,9,0.49,6,56493,0.0,79,2,2.65,4,HIGH
10412,8,0.54,4,45953,0.0,46,9,4.41,3,HIGH
17543,3,0.55,7,70785,0.0,121,20,4.03,7,HIGH
43496,9,0.91,8,24309,0.44,67,2,0.56,2,LOW
70692,3,0.74,6,59195,0.16,131,8,0.84,8,MEDIUM
99084,9,0.71,5,30901,0.6,137,7,0.31,6,LOW
54425,2,0.47,6,28576,0.47,52,2,0.53,7,MEDIUM
48756,10,0.92,5,36508,0.25,7,24,0.75,5,MEDIUM
28888,9,0.83,8,79711,0.0,120,30,2.76,9,HIGH
45735,8,0.44,1,30464,0.33,103,12,0.67,5,MEDIUM
57295,9,0.82,7,65281,0.0,120,5,1.14,5,LOW
93042,5,0.73,10,21260,0.6,18,12,0.23,3,LOW
95999,2,0.45,10,40440,0.58,116,22,0.42,1,HIGH
27955,8,0.67,2,61683,0.0,65,19,2.21,2,HIGH
47841,6,0.69,9,46430,0.03,99,19,0.97,8,MEDIUM
80640,8,0.5,1,6987,0.6,21,11,0.09,1,MEDIUM
75510,5,0.97,10,30105,0.6,128,12,0.4,7,LOW
44911,10,0.91,6,18026,0.6,28,1,0.4,5,LOW
69031,2,0.8,9,73309,0.0,120,20,1.06,3,HIGH
98726,6,0.68,1,50927,0.48,86,23,0.52,7,HIGH
17357,5,0.65,4,62535,0.0,54,22,3.6,9,HIGH
42479,5,0.79,4,47946,0.0,83,15,1.13,2,HIGH
71476,1,0.73,9,61561,0.14,83,22,0.86,8,HIGH
54811,2,0.44,5,15377,0.6,74,5,0.28,9,LOW
46208,8,0.71,5,58592,0.0,31,18,1.27,3,HIGH
30150,3,0.88,6,12347,0.59,19,20,0.41,2,HIGH
81180,10,0.68,1,38776,0.52,54,12,0.48,7,LOW
53286,3,0.43,1,8783,0.6,40,16,0.16,5,HIGH
78450,8,0.87,9,60798,0.23,12,22,0.77,5,MEDIUM
31352,8,0.52,3,9298,0.6,83,8,0.3,10,LOW
65069,2,0.56,4,75204,0.0,135,16,1.16,5,HIGH
24397,8,0.5,1,60161,0.0,51,28,2.47,4,HIGH
51555,1,0.6,9,65652,0.0,109,1,1.27,5,HIGH
56959,6,0.85,8,39484,0.31,102,18,0.69,4,MEDIUM
10728,8,0.71,2,25922,0.0,100,18,2.42,6,HIGH
60517,3,0.52,8,39028,0.36,120,23,0.64,4,HIGH
76234,8,0.93,7,25316,0.6,17,6,0.33,2,LOW
49954,1,0.93,6,21968,0.56,5,21,0.44,9,MEDIUM
57280,9,0.92,1,35266,0.38,38,30,0.62,2,HIGH
89459,9,0.54,7,29000,0.6,83,9,0.32,9,LOW
26779,5,0.67,10,19011,0.29,82,9,0.71,10,LOW
73932,10,0.99,7,7866,0.6,125,26,0.11,6,LOW
82936,4,0.86,9,10898,0.6,97,19,0.13,9,LOW
34466,6,0.42,1,23395,0.32,102,8,0.68,9,MEDIUM
46939,7,0.44,2,44019,0.06,86,16,0.94,3,HIGH
79896,5,0.68,9,9006,0.6,42,26,0.11,1,MEDIUM
45270,10,0.95,9,39393,0.13,18,14,0.87,1,LOW
69163,9,0.72,6,15956,0.6,140,1,0.23,3,LOW
92637,3,0.7,6,55042,0.41,95,30,0.59,5,HIGH
61934,7,0.46,4,11078,0.6,58,29,0.18,3,HIGH
74895,10,0.79,4,34631,0.54,134,3,0.46,9,LOW
42307,10,0.89,5,67901,0.0,105,18,1.6,9,MEDIUM
64098,5,0.63,3,74497,0.0,93,16,1.16,3,HIGH
70921,7,0.87,1,46574,0.34,60,4,0.66,3,MEDIUM
15486,2,0.98,1,36417,0.0,98,6,2.35,5,HIGH
18335,4,0.52,7,70006,0.0,97,17,3.82,2,HIGH
96900,2,0.71,1,44454,0.54,88,20,0.46,6,HIGH
99112,7,0.57,1,6587,0.6,89,21,0.07,7,MEDIUM
21130,2,0.88,3,59710,0.0,26,26,2.83,9,HIGH
97508,1,0.75,10,23816,0.6,39,6,0.24,6,LOW
70566,9,0.78,4,34432,0.51,20,16,0.49,3,LOW
76703,1,0.88,4,53617,0.3,54,6,0.7,5,HIGH
37192,8,0.64,2,77373,0.0,126,3,2.08,4,HIGH
11062,2,0.95,1,39217,0.0,132,7,3.55,5,HIGH
94076,8,0.72,3,25884,0.6,117,12,0.28,8,LOW
99780,3,0.49,4,10454,0.6,21,3,0.1,8,LOW
31545,6,0.82,3,79960,0.0,84,5,2.53,6,HIGH
31689,3,0.88,8,48618,0.0,134,24,1.53,1,HIGH
21174,7,0.59,10,67671,0.0,136,4,3.2,8,HIGH
98461,10,0.91,1,52111,0.47,89,29,0.53,8,MEDIUM
19348,9,0.94,2,44613,0.0,98,11,2.31,2,HIGH
33714,2,0.57,7,64993,0.0,138,3,1.93,4,HIGH
48102,5,0.99,4,13848,0.6,85,23,0.29,2,MEDIUM
84460,6,0.48,8,71125,0.16,73,28,0.84,4,HIGH
99930,4,0.52,3,66602,0.33,73,8,0.67,10,MEDIUM
16801,4,0.51,6,77045,0.0,20,3,4.59,7,HIGH
82267,4,0.94,9,47222,0.43,55,18,0.57,9,LOW
58136,2,0.79,1,54223,0.07,109,23,0.93,8,HIGH
33625,4,0.49,1,70333,0.0,70,13,2.09,9,HIGH
92873,1,0.66,8,57732,0.38,13,4,0.62,8,MEDIUM
82592,6,0.77,3,54420,0.34,111,17,0.66,2,HIGH
87052,1,0.45,5,7462,0.6,104,9,0.09,7,MEDIUM
54261,10,0.93,1,14460,0.6,90,24,0.27,2,MEDIUM
11542,6,0.88,5,14275,0.0,68,18,1.24,2,HIGH
31677,1,0.7,6,18269,0.42,26,11,0.58,4,HIGH
56732,6,0.98,8,70942,0.0,114,17,1.25,1,HIGH
60343,10,0.65,3,77920,0.0,101,16,1.29,5,HIGH
49081,8,0.99,3,27553,0.44,22,29,0.56,6,MEDIUM
72856,2,0.8,10,29366,0.6,75,23,0.4,9,MEDIUM
98858,2,0.78,9,49036,0.5,131,10,0.5,10,LOW
29065,4,0.5,4,22369,0.23,101,2,0.77,8,MEDIUM
93460,3,0.93,4,16795,0.6,5,22,0.18,2,HIGH
98092,4,0.66,7,75021,0.24,136,16,0.76,1,HIGH
64693,7,0.5,2,73154,0.0,8,0,1.13,2,HIGH
36962,1,0.41,8,35143,0.05,129,14,0.95,7,HIGH
38295,6,0.74,6,34425,0.1,86,27,0.9,4,HIGH
23807,3,0.72,3,10368,0.56,31,8,0.44,10,LOW
52348,10,0.83,9,9621,0.6,63,14,0.18,5,LOW
36432,7,0.93,5,63829,0.0,36,27,1.75,7,HIGH
93285,10,0.45,8,65294,0.3,32,23,0.7,3,MEDIUM
67854,2,0.84,7,19719,0.6,110,27,0.29,10,MEDIUM
50262,2,0.51,8,34227,0.32,109,28,0.68,2,HIGH
47080,4,0.91,7,12566,0.6,74,2,0.27,7,LOW
11324,1,0.89,3,17306,0.0,66,21,1.53,5,HIGH
45909,3,0.72,2,58822,0.0,38,26,1.28,1,HIGH
99339,9,0.83,7,29042,0.6,91,18,0.29,1,LOW
29870,7,0.59,3,20086,0.33,118,12,0.67,9,MEDIUM
44578,7,0.68,3,22387,0.5,110,11,0.5,5,MEDIUM
82124,4,0.89,2,32042,0.6,60,19,0.39,1,HIGH
36790,2,0.68,4,56618,0.0,117,0,1.54,7,HIGH
35289,4,0.61,8,23323,0.34,17,20,0.66,9,MEDIUM
65129,6,0.7,1,23019,0.6,22,16,0.35,1,HIGH
25485,3,0.9,1,45863,0.0,117,12,1.8,10,HIGH
54482,1,0.6,5,15283,0.6,43,0,0.28,4,MEDIUM
96188,8,0.5,5,23279,0.6,83,9,0.24,3,LOW
14748,5,0.83,1,51999,0.0,34,14,3.53,5,HIGH
96769,5,0.9,6,67780,0.3,102,26,0.7,7,MEDIUM
19435,4,0.46,1,27908,0.0,62,26,1.44,8,HIGH
13709,6,0.54,5,66584,0.0,71,29,4.86,2,HIGH
40355,3,0.49,9,55225,0.0,75,6,1.37,7,HIGH
65771,9,0.61,5,42952,0.35,110,27,0.65,1,HIGH
67799,5,0.67,6,42663,0.37,11,21,0.63,7,MEDIUM
23116,3,0.85,8,66381,0.0,44,17,2.87,8,HIGH
35470,1,0.79,1,52929,0.0,74,15,1.49,2,HIGH
52344,10,0.77,2,14343,0.6,72,13,0.27,9,LOW
52918,6,0.61,9,44791,0.15,53,26,0.85,1,HIGH
62224,2,0.9,3,34134,0.45,56,27,0.55,6,HIGH
49298,3,0.68,6,52101,0.0,118,17,1.06,1,HIGH
90219,1,0.99,5,74443,0.17,111,26,0.83,3,HIGH
71629,9,0.78,2,62530,0.13,33,6,0.87,6,MEDIUM
76040,8,0.48,7,51799,0.32,82,16,0.68,3,MEDIUM
38016,2,0.81,4,9827,0.6,13,28,0.26,8,HIGH
33960,8,0.6,1,67653,0.0,80,17,1.99,5,HIGH
43591,9,0.81,4,18699,0.57,46,11,0.43,2,LOW
92848,1,0.44,6,10313,0.6,132,7,0.11,4,MEDIUM
77641,5,0.5,7,18598,0.6,24,21,0.24,9,MEDIUM
46395,8,0.91,7,33807,0.27,76,30,0.73,4,MEDIUM
32700,2,0.54,7,75423,0.0,69,29,2.31,10,HIGH
44620,4,0.9,3,74390,0.0,117,1,1.67,10,MEDIUM
30559,7,0.57,6,50226,0.0,28,6,1.64,8,MEDIUM
71642,3,0.79,8,64550,0.1,132,3,0.9,5,MEDIUM
86539,5,0.82,4,8558,0.6,87,17,0.1,10,LOW
31732,8,0.71,8,55113,0.0,67,27,1.74,1,HIGH
40354,10,0.58,2,57999,0.0,64,5,1.44,7,MEDIUM
23843,3,0.53,10,60878,0.0,103,26,2.55,3,HIGH
81726,4,0.42,9,41343,0.49,66,30,0.51,10,MEDIUM
27640,9,0.58,9,63219,0.0,34,8,2.29,8,MEDIUM
62528,7,0.79,8,40186,0.36,26,26,0.64,3,MEDIUM
48413,1,0.96,10,41966,0.13,130,8,0.87,1,HIGH
62638,4,0.92,10,38769,0.38,46,13,0.62,5,LOW
62736,4,0.86,1,58218,0.07,102,7,0.93,2,HIGH
78866,9,0.87,2,24229,0.6,35,30,0.31,4,MEDIUM
29087,6,0.8,6,32877,0.0,116,18,1.13,1,HIGH
51430,9,0.56,10,63001,0.0,126,2,1.22,9,LOW
34504,6,0.94,5,43084,0.0,21,17,1.25,6,HIGH
17114,6,0.8,9,21806,0.0,42,4,1.27,8,LOW
88859,5,0.74,5,42034,0.53,146,13,0.47,4,MEDIUM
20975,5,0.47,2,45317,0.0,114,27,2.16,9,HIGH
21023,2,0.67,10,60468,0.0,26,29,2.88,2,HIGH
31447,8,0.68,4,24094,0.23,60,3,0.77,9,LOW
33959,8,0.92,9,62796,0.0,123,6,1.85,5,MEDIUM
76203,1,0.73,1,15589,0.6,61,19,0.2,6,HIGH
39703,8,0.63,1,62221,0.0,39,24,1.57,3,HIGH
19337,5,0.99,7,6657,0.6,118,27,0.34,4,MEDIUM
56427,2,0.47,3,44531,0.21,129,11,0.79,6,HIGH
71529,2,0.65,10,57227,0.2,133,1,0.8,7,MEDIUM
94665,6,0.43,2,8164,0.6,56,10,0.09,1,MEDIUM
41921,9,0.84,9,46247,0.0,89,13,1.1,7,LOW
43307,1,0.95,3,24601,0.43,69,21,0.57,1,HIGH
37355,6,0.57,2,55599,0.0,133,30,1.49,5,HIGH
14835,9,0.92,8,76545,0.0,25,22,5.16,6,HIGH
30159,8,0.58,10,9552,0.6,20,15,0.32,2,LOW
57605,6,0.95,6,14417,0.6,127,19,0.25,10,LOW
48088,3,0.85,6,63579,0.0,65,28,1.32,9,HIGH
88752,8,0.88,10,73207,0.18,58,5,0.82,10,LOW
65284,9,0.41,7,77055,0.0,30,22,1.18,6,HIGH
67043,1,0.98,7,8722,0.6,84,3,0.13,7,LOW
45547,9,0.84,6,75442,0.0,69,14,1.66,10,MEDIUM
92844,6,0.58,4,45031,0.51,104,23,0.49,8,MEDIUM
37532,6,0.9,9,26438,0.3,78,24,0.7,10,LOW
44349,4,0.57,6,63819,0.0,21,0,1.44,1,HIGH
55445,1,0.92,4,48856,0.12,125,6,0.88,8,MEDIUM
15713,10,0.47,3,38576,0.0,27,24,2.46,4,HIGH
66178,8,0.82,4,46938,0.29,139,30,0.71,10,MEDIUM
59407,2,0.72,3,54028,0.09,75,11,0.91,8,HIGH
80340,1,0.46,2,64807,0.19,112,9,0.81,6,HIGH
60990,2,0.55,5,54877,0.1,83,4,0.9,9,MEDIUM
85672,1,0.41,2,48461,0.43,50,11,0.57,4,HIGH
75545,1,0.68,6,45469,0.4,82,17,0.6,2,HIGH
94791,9,0.58,3,25435,0.6,20,9,0.27,2,LOW
68141,1,0.76,6,19191,0.6,75,5,0.28,5,MEDIUM
33793,4,0.58,10,32386,0.04,100,27,0.96,10,HIGH
66570,10,0.58,9,36721,0.45,6,11,0.55,9,LOW
47892,6,0.85,1,59786,0.0,14,6,1.25,3,HIGH
11015,7,0.43,6,18704,0.0,129,17,1.7,8,HIGH
71813,2,0.94,9,61635,0.14,85,1,0.86,4,MEDIUM
37712,6,0.91,4,7123,0.6,144,9,0.19,6,LOW
18415,7,0.8,2,67993,0.0,74,14,3.69,10,HIGH
72292,10,0.76,4,30416,0.58,36,29,0.42,6,MEDIUM
33833,10,0.94,1,6814,0.6,109,11,0.2,3,LOW
14158,2,0.51,3,55258,0.0,88,25,3.9,5,HIGH
72680,2,0.45,10,21508,0.6,133,16,0.3,3,MEDIUM
30309,10,0.54,9,40699,0.0,62,3,1.34,1,MEDIUM
16970,7,0.88,10,51335,0.0,138,6,3.03,7,HIGH
82474,1,0.42,5,51806,0.37,49,29,0.63,4,HIGH
96704,8,0.75,6,68768,0.29,101,8,0.71,7,LOW
56540,3,1.0,3,40739,0.28,27,30,0.72,3,HIGH
30384,6,0.91,5,39785,0.0,27,18,1.31,5,HIGH
28017,9,0.71,8,36980,0.0,139,27,1.32,5,HIGH
85880,6,0.44,6,6609,0.6,83,26,0.08,2,HIGH
18702,9,0.9,4,71253,0.0,48,22,3.81,10,HIGH
10384,7,0.76,2,33141,0.0,31,6,3.19,2,HIGH
10404,9,0.47,9,35009,0.0,30,22,3.36,4,HIGH
50943,2,0.46,1,11782,0.6,101,1,0.23,4,MEDIUM
57926,8,0.95,1,30933,0.47,40,5,0.53,4,LOW
39189,8,0.8,4,13307,0.6,113,17,0.34,6,LOW
22763,2,0.9,7,43346,0.0,59,5,1.9,2,HIGH
28384,4,0.93,1,55772,0.0,73,12,1.96,6,HIGH
70100,7,0.74,9,77084,0.0,65,25,1.1,7,MEDIUM
19860,4,0.71,4,45149,0.0,134,18,2.27,10,HIGH
90642,4,0.66,3,32526,0.6,59,29,0.36,3,HIGH
60612,6,0.59,1,73477,0.0,126,1,1.21,8,MEDIUM
33574,10,0.66,10,10695,0.6,101,11,0.32,2,LOW
33524,6,0.86,4,44169,0.0,84,14,1.32,8,HIGH
79172,10,0.76,9,52947,0.33,91,13,0.67,5,LOW
20916,3,0.94,10,52224,0.0,42,5,2.5,2,HIGH
14809,9,0.67,6,50865,0.0,123,17,3.43,7,HIGH
42201,10,0.76,6,30553,0.28,82,4,0.72,2,LOW
63330,2,0.78,1,65410,0.0,39,17,1.03,6,HIGH
23456,6,0.76,10,29816,0.0,83,2,1.27,10,LOW
66397,7,0.82,2,60026,0.1,71,2,0.9,3,MEDIUM
48765,9,0.54,6,55705,0.0,91,21,1.14,9,MEDIUM
44816,3,0.71,2,66922,0.0,38,21,1.49,3,HIGH
55106,10,0.46,3,78914,0.0,101,9,1.43,3,HIGH
63932,3,0.63,4,6881,0.6,75,18,0.11,5,MEDIUM
27100,7,0.69,5,44567,0.0,7,2,1.64,7,MEDIUM
67091,4,0.79,9,52365,0.22,62,28,0.78,8,HIGH
31949,8,0.97,4,75122,0.0,36,11,2.35,7,HIGH
80080,7,0.76,9,30006,0.6,35,28,0.37,9,LOW
47744,5,0.85,10,46198,0.03,86,15,0.97,5,MEDIUM
55543,7,0.7,3,27831,0.5,47,16,0.5,10,LOW
46187,3,0.78,8,21459,0.54,139,6,0.46,3,MEDIUM
17239,2,0.44,1,37443,0.0,109,12,2.17,6,HIGH
24489,6,0.55,9,47316,0.0,5,23,1.93,5,HIGH
68017,2,0.62,9,69486,0.0,65,1,1.02,4,MEDIUM
71877,3,0.68,10,10877,0.6,18,3,0.15,2,LOW
53125,6,0.43,2,44553,0.16,10,9,0.84,7,HIGH
59922,5,0.48,4,9922,0.6,107,6,0.17,5,LOW
42049,8,0.57,8,9686,0.6,14,23,0.23,4,LOW
47131,9,0.98,7,37766,0.2,75,16,0.8,8,LOW
52944,3,0.6,1,37006,0.3,94,19,0.7,9,HIGH
83963,10,0.69,5,36422,0.57,130,5,0.43,9,LOW
34285,3,0.52,7,17205,0.5,101,18,0.5,3,HIGH
47626,3,0.77,4,28527,0.4,78,4,0.6,3,MEDIUM
52808,6,0.57,1,23443,0.56,119,9,0.44,5,MEDIUM
98464,1,0.52,9,21524,0.6,55,8,0.22,5,MEDIUM
63871,7,0.71,5,33202,0.48,60,26,0.52,10,MEDIUM
29198,1,0.4,2,70552,0.0,45,12,2.42,2,HIGH
29758,5,0.4,8,51142,0.0,36,18,1.72,1,HIGH
25254,10,0.53,2,66692,0.0,19,20,2.64,8,HIGH
54238,8,0.42,3,25855,0.52,66,23,0.48,3,HIGH
11252,4,0.46,10,65372,0.0,32,5,5.81,1,HIGH
49764,5,0.6,1,30095,0.4,68,3,0.6,1,HIGH
87709,4,0.88,2,43724,0.5,134,23,0.5,2,HIGH
47441,4,0.74,7,54241,0.0,131,26,1.14,6,HIGH
63682,8,0.71,10,57003,0.1,40,2,0.9,6,LOW
69494,2,0.58,2,73379,0.0,118,2,1.06,3,HIGH
91317,1,0.96,6,20972,0.6,17,3,0.23,4,LOW
75215,3,0.64,3,27927,0.6,19,24,0.37,2,HIGH
88587,9,0.45,4,71630,0.19,93,4,0.81,2,MEDIUM
16949,4,0.77,8,57347,0.0,26,7,3.38,7,HIGH
65393,10,0.47,3,74518,0.0,78,15,1.14,1,HIGH
83553,5,0.61,10,50283,0.4,29,21,0.6,7,MEDIUM
16941,2,0.7,6,17205,0.0,105,2,1.02,1,HIGH
35934,4,0.92,1,17748,0.51,121,30,0.49,6,HIGH
33386,2,0.7,7,26097,0.22,45,23,0.78,3,HIGH
71886,2,0.82,8,8092,0.6,92,11,0.11,8,LOW
85745,4,1.0,8,58311,0.32,114,24,0.68,6,MEDIUM
93251,6,0.48,3,27692,0.6,124,7,0.3,2,MEDIUM
63413,7,0.56,10,28862,0.54,101,12,0.46,8,LOW
66800,10,0.64,1,75469,0.0,149,3,1.13,5,MEDIUM
52318,3,0.65,9,9926,0.6,61,13,0.19,8,LOW
80173,3,0.65,6,8969,0.6,134,13,0.11,8,LOW
80390,10,0.94,9,40733,0.49,100,12,0.51,6,LOW
62329,6,0.83,7,74855,0.0,125,26,1.2,2,HIGH
53088,3,0.76,1,46743,0.12,66,5,0.88,8,HIGH
49811,2,0.59,1,44876,0.1,141,16,0.9,6,HIGH
65479,8,0.89,6,25323,0.6,72,3,0.39,6,LOW
95392,5,0.97,5,21428,0.6,85,7,0.22,8,LOW
97369,1,0.89,9,39578,0.59,21,16,0.41,1,MEDIUM
29963,3,0.4,2,69140,0.0,121,2,2.31,2,HIGH
65123,10,0.78,8,11364,0.6,54,16,0.17,9,LOW
83477,8,0.43,5,40349,0.52,116,8,0.48,8,LOW
24388,4,0.55,2,5691,0.6,98,1,0.23,7,LOW
15569,7,0.44,10,71467,0.0,89,24,4.59,7,HIGH
79836,10,0.76,6,50896,0.36,78,12,0.64,5,LOW
46586,2,0.81,10,62062,0.0,113,19,1.33,2,HIGH
22015,7,0.47,8,18861,0.14,149,1,0.86,6,LOW
55002,5,0.63,4,68928,0.0,22,19,1.25,10,HIGH
16254,5,0.67,2,46347,0.0,46,27,2.85,3,HIGH
27144,6,0.62,5,8121,0.6,105,10,0.3,4,LOW
34214,9,0.47,2,33164,0.03,49,26,0.97,10,HIGH
90719,6,0.65,2,30491,0.6,86,25,0.34,2,HIGH
81774,8,0.85,6,64222,0.21,21,21,0.79,2,MEDIUM
16090,7,0.44,10,28165,0.0,77,14,1.75,8,MEDIUM
21637,9,0.45,9,8748,0.6,18,10,0.4,8,LOW
32415,4,0.61,4,31553,0.03,136,22,0.97,10,HIGH
34071,2,0.97,6,65380,0.0,86,2,1.92,6,HIGH
68243,7,0.8,7,49331,0.28,124,2,0.72,5,LOW
51240,6,0.81,6,44560,0.13,124,27,0.87,8,HIGH
93807,1,0.62,8,58865,0.37,51,25,0.63,4,HIGH
43434,9,0.76,4,51686,0.0,111,11,1.19,4,MEDIUM
79724,9,0.41,1,9675,0.6,112,23,0.12,5,MEDIUM
85697,2,0.78,7,71706,0.16,13,4,0.84,1,HIGH
38732,3,0.95,3,15068,0.6,83,19,0.39,1,HIGH
21314,5,0.77,6,59460,0.0,19,6,2.79,2,HIGH
33954,5,0.92,2,51418,0.0,23,6,1.51,8,HIGH
67108,1,0.83,9,31206,0.53,94,12,0.47,7,MEDIUM
97044,8,0.47,1,5287,0.6,30,8,0.05,10,LOW
97505,8,0.94,6,27337,0.6,96,24,0.28,9,LOW
46668,4,0.44,6,25666,0.45,86,20,0.55,5,HIGH
33061,7,0.72,5,6161,0.6,135,12,0.19,2,LOW
89252,10,0.49,5,43751,0.51,46,11,0.49,7,LOW
49749,3,0.41,1,19758,0.6,23,12,0.4,8,MEDIUM
26907,6,0.65,10,70780,0.0,21,23,2.63,7,HIGH
28777,10,0.58,5,8178,0.6,80,9,0.28,7,LOW
61745,10,0.69,2,36831,0.4,67,0,0.6,5,LOW
91818,9,0.75,7,7176,0.6,135,24,0.08,2,LOW
33624,1,0.43,3,38654,0.0,111,7,1.15,6,HIGH
33321,5,0.47,4,31627,0.05,53,21,0.95,4,HIGH
20488,4,0.74,3,57550,0.0,59,15,2.81,10,HIGH
32574,8,0.61,3,49910,0.0,103,12,1.53,2,HIGH
15240,1,0.84,4,63251,0.0,56,2,4.15,9,HIGH
53221,9,0.79,5,40422,0.24,104,2,0.76,7,LOW
20478,6,0.91,1,16984,0.17,121,23,0.83,6,HIGH
65645,4,0.82,4,66386,0.0,122,4,1.01,5,MEDIUM
29262,9,0.66,8,12135,0.59,11,25,0.41,3,MEDIUM
62796,5,0.8,10,5320,0.6,50,10,0.08,10,LOW
14432,5,0.57,7,26684,0.0,50,29,1.85,10,HIGH
74291,5,0.58,9,60913,0.18,104,6,0.82,4,MEDIUM
89104,1,0.87,5,26889,0.6,148,20,0.3,3,HIGH
69399,1,0.67,10,53899,0.22,58,23,0.78,8,HIGH
89714,8,0.88,4,15770,0.6,66,9,0.18,3,LOW
60428,8,0.89,8,44321,0.27,133,9,0.73,7,LOW
97731,6,0.91,9,46777,0.52,53,19,0.48,7,LOW
10302,4,0.95,7,51250,0.0,29,1,4.97,7,HIGH
92558,2,0.66,7,78034,0.16,14,2,0.84,7,MEDIUM
10055,2,0.59,5,45130,0.0,122,7,4.49,2,HIGH
18717,9,0.75,4,54346,0.0,148,30,2.9,10,HIGH
38699,5,0.62,10,7537,0.6,96,10,0.19,3,LOW
83686,4,0.76,1,20216,0.6,138,12,0.24,10,LOW
77661,10,0.82,10,8009,0.6,148,6,0.1,9,LOW
54247,1,0.81,10,34327,0.37,84,12,0.63,3,MEDIUM
26748,7,0.62,7,19209,0.28,75,1,0.72,2,LOW
14621,3,0.5,1,53443,0.0,82,5,3.66,9,HIGH
25034,6,0.66,1,20029,0.2,47,8,0.8,10,MEDIUM
15126,5,0.49,5,72613,0.0,94,30,4.8,9,HIGH
15122,5,0.93,9,61997,0.0,82,19,4.1,4,HIGH
28030,5,0.61,6,67559,0.0,30,24,2.41,9,HIGH
92838,1,0.49,3,69892,0.25,125,1,0.75,3,HIGH
94717,1,0.42,3,75409,0.2,49,17,0.8,7,HIGH
65658,3,0.79,7,13635,0.6,67,15,0.21,7,LOW
48638,10,0.78,6,38065,0.22,72,24,0.78,8,LOW
77067,4,0.6,9,38783,0.5,6,11,0.5,10,LOW
98869,5,0.44,6,39152,0.6,146,6,0.4,4,MEDIUM
44674,2,0.65,5,63741,0.0,112,6,1.43,3,HIGH
45854,8,0.59,10,56502,0.0,34,16,1.23,3,MEDIUM
56271,2,0.81,7,34092,0.39,53,12,0.61,5,MEDIUM
83688,9,0.76,1,22653,0.6,144,10,0.27,1,LOW
48518,2,0.62,7,45469,0.06,48,5,0.94,10,MEDIUM
20267,9,0.53,3,64754,0.0,17,28,3.2,3,HIGH
11062,7,0.99,9,34978,0.0,82,22,3.16,6,HIGH
60448,8,0.67,6,48169,0.2,130,26,0.8,3,HIGH
16229,2,0.81,9,53287,0.0,102,13,3.28,5,HIGH
66793,7,0.48,5,59745,0.11,30,5,0.89,9,MEDIUM
57915,6,0.69,7,10543,0.6,52,5,0.18,2,LOW
14632,4,0.42,4,61392,0.0,70,1,4.2,2,HIGH
13596,7,0.7,7,26067,0.0,91,21,1.92,6,HIGH
16168,4,0.98,1,56033,0.0,83,19,3.47,6,HIGH
17561,2,0.63,7,50256,0.0,27,24,2.86,8,HIGH
83794,10,0.42,8,74345,0.11,85,14,0.89,2,MEDIUM
92152,7,0.42,5,27191,0.6,52,27,0.3,9,MEDIUM
36734,8,0.63,2,77742,0.0,128,16,2.12,2,HIGH
16371,2,0.5,5,33992,0.0,134,28,2.08,1,HIGH
36069,5,0.41,6,53803,0.0,88,7,1.49,10,MEDIUM
89905,1,0.85,2,68477,0.24,24,4,0.76,2,HIGH
22910,7,0.68,6,18210,0.21,50,16,0.79,7,MEDIUM
83479,8,0.57,6,31270,0.6,135,19,0.37,8,LOW
87735,6,0.94,1,67008,0.24,16,0,0.76,5,MEDIUM
91264,5,0.47,1,10197,0.6,44,21,0.11,6,HIGH
33275,6,0.97,10,12452,0.6,70,17,0.37,1,LOW
82274,2,0.59,3,46486,0.43,104,14,0.57,6,HIGH
91449,1,0.93,10,19859,0.6,82,4,0.22,8,LOW
70004,7,0.76,10,32236,0.54,20,6,0.46,3,LOW
72981,7,0.9,3,36899,0.49,87,17,0.51,1,MEDIUM
94659,10,0.99,4,37083,0.6,48,5,0.39,4,LOW
64553,10,0.57,2,72708,0.0,138,21,1.13,1,HIGH
58447,2,0.98,9,21663,0.6,104,20,0.37,8,LOW
44529,2,0.63,10,24053,0.46,26,4,0.54,5,LOW
85703,1,0.63,7,16085,0.6,22,29,0.19,1,HIGH
86090,10,0.6,7,35564,0.59,16,18,0.41,8,LOW
27260,8,0.72,6,64095,0.0,127,30,2.35,9,HIGH
13812,8,0.49,3,74517,0.0,121,9,5.4,10,HIGH
38024,1,0.73,6,26153,0.31,55,14,0.69,2,HIGH
68656,8,0.73,8,10247,0.6,75,9,0.15,9,LOW
37285,9,0.86,8,15553,0.58,52,26,0.42,8,LOW
11605,4,0.9,9,25811,0.0,23,15,2.22,7,HIGH
81158,1,0.66,1,11135,0.6,10,11,0.14,3,HIGH
82303,1,0.58,1,10573,0.6,88,17,0.13,2,HIGH
37139,3,0.56,3,12189,0.6,57,22,0.33,7,HIGH
87149,5,0.52,3,48646,0.44,111,0,0.56,5,MEDIUM
66138,5,0.43,10,58687,0.11,105,15,0.89,6,MEDIUM
86125,9,0.61,8,73312,0.15,52,21,0.85,4,MEDIUM
23918,10,0.56,10,32564,0.0,139,5,1.36,2,MEDIUM
95655,2,0.98,1,33835,0.6,73,2,0.35,9,LOW
37446,2,0.73,2,66587,0.0,15,1,1.78,3,HIGH
23046,6,0.61,2,12697,0.45,147,27,0.55,7,HIGH
34818,9,0.75,3,78922,0.0,135,1,2.27,8,MEDIUM
14324,1,0.48,6,22046,0.0,126,29,1.54,2,HIGH
86323,9,0.67,1,62823,0.27,73,12,0.73,6,MEDIUM
19111,9,0.78,2,78580,0.0,27,8,4.11,8,HIGH
48110,9,0.69,1,58370,0.0,41,15,1.21,7,HIGH
26389,5,0.64,5,14615,0.45,13,26,0.55,3,HIGH
51427,9,1.0,7,10060,0.6,19,4,0.2,1,LOW
89579,4,0.93,8,65519,0.27,135,22,0.73,6,MEDIUM
38746,2,0.77,10,76117,0.0,97,27,1.96,8,HIGH
97886,6,0.74,1,66158,0.32,21,20,0.68,6,HIGH
10117,4,0.77,7,39782,0.0,76,6,3.93,5,HIGH
94471,6,0.52,5,63255,0.33,125,12,0.67,8,MEDIUM
23234,3,0.64,10,77684,0.0,15,19,3.34,2,HIGH
63441,6,0.42,1,61918,0.02,76,23,0.98,1,HIGH
10846,2,0.69,3,30256,0.0,110,28,2.79,1,HIGH
20954,2,0.73,7,35005,0.0,129,26,1.67,4,HIGH
89239,9,0.54,10,11638,0.6,39,29,0.13,6,LOW
56514,7,0.98,1,42419,0.25,123,25,0.75,9,MEDIUM
98236,3,0.95,7,38377,0.6,18,12,0.39,1,MEDIUM
16469,1,0.83,5,48116,0.0,18,26,2.92,1,HIGH
40105,8,0.72,1,41634,0.0,14,25,1.04,5,HIGH
52101,6,0.92,1,28382,0.46,144,6,0.54,10,LOW
74323,7,0.48,1,61063,0.18,42,9,0.82,5,HIGH
68067,9,0.87,9,27394,0.6,112,14,0.4,5,LOW
59376,5,0.47,3,72789,0.0,123,20,1.23,10,HIGH
55587,1,0.88,5,5864,0.6,38,26,0.11,6,HIGH
46976,10,0.57,10,45222,0.04,14,5,0.96,8,LOW
77584,7,0.93,9,18666,0.6,126,4,0.24,3,LOW
88477,5,0.97,6,25955,0.6,149,22,0.29,9,LOW
52533,3,0.49,9,74590,0.0,149,27,1.42,1,HIGH
11828,9,0.68,8,71471,0.0,119,1,6.04,4,HIGH
11917,1,0.99,8,48298,0.0,5,20,4.05,9,HIGH
30618,1,0.69,1,68108,0.0,16,14,2.22,8,HIGH
42254,1,0.92,9,53924,0.0,107,25,1.28,10,HIGH
57362,3,0.75,6,21709,0.6,8,15,0.38,9,LOW
30128,6,0.63,9,14726,0.51,145,30,0.49,1,HIGH
69383,10,0.57,3,65824,0.05,102,18,0.95,9,MEDIUM
75545,3,0.52,3,45542,0.4,110,8,0.6,3,HIGH
92180,8,0.86,6,25245,0.6,89,28,0.27,10,LOW
97958,10,0.63,9,39753,0.59,125,21,0.41,9,LOW
19865,2,0.71,7,26316,0.0,136,28,1.32,1,HIGH
12219,9,0.7,3,20960,0.0,86,25,1.72,1,HIGH
49809,3,0.75,3,35791,0.28,23,18,0.72,9,HIGH
15287,5,0.92,2,30216,0.0,134,6,1.98,6,HIGH
44387,10,0.99,9,37467,0.16,16,3,0.84,4,LOW
18512,8,0.64,3,69427,0.0,85,29,3.75,7,HIGH
11342,2,0.9,5,67047,0.0,78,2,5.91,5,HIGH
73076,6,0.86,9,78290,0.0,102,23,1.07,10,MEDIUM
29216,5,0.74,8,52014,0.0,10,28,1.78,7,HIGH
89767,10,0.97,2,9078,0.6,140,19,0.1,8,LOW
36614,9,0.52,3,55519,0.0,129,10,1.52,8,MEDIUM
46258,5,0.47,2,9042,0.6,55,0,0.2,1,MEDIUM
52078,2,0.91,8,54052,0.0,15,5,1.04,8,MEDIUM
93524,5,0.66,6,19389,0.6,131,25,0.21,6,MEDIUM
22219,4,0.91,6,73111,0.0,144,10,3.29,4,HIGH
10235,7,0.94,9,55733,0.0,77,26,5.45,8,HIGH
52929,6,0.44,8,39754,0.25,6,0,0.75,3,MEDIUM
77444,2,0.93,4,23624,0.6,12,20,0.31,4,HIGH
18567,5,0.67,4,31681,0.0,143,6,1.71,6,HIGH
80792,7,0.71,9,29704,0.6,128,30,0.37,7,MEDIUM
75441,7,0.78,1,12493,0.6,57,5,0.17,4,LOW
94555,5,0.96,2,74639,0.21,14,13,0.79,4,HIGH
83698,9,0.41,2,59383,0.29,116,1,0.71,7,LOW
15415,4,0.69,6,7994,0.48,12,26,0.52,6,HIGH
46159,3,0.81,4,74280,0.0,40,3,1.61,8,HIGH
53925,4,0.83,10,52234,0.03,110,10,0.97,1,HIGH
15951,5,0.82,3,52291,0.0,18,14,3.28,10,HIGH
97388,6,0.48,3,10594,0.6,90,17,0.11,7,MEDIUM
18007,3,0.58,3,12371,0.31,54,26,0.69,7,HIGH
51832,2,0.62,6,52315,0.0,24,0,1.01,7,MEDIUM
68596,4,0.88,8,21626,0.6,91,30,0.32,7,MEDIUM
40523,5,0.57,7,12130,0.6,139,2,0.3,10,LOW
